{"docs_md_1.md":"afbea146","docs_md_4.md":"3e486a5f","docs_md_2.md":"04e3f202","docs_about_changelog.md":"52d8a6a4","docs_md_3.md":"3d7f72c8","docs_md_3-1.md":"e81086b6","docs_md_5.md":"c6792d18","docs_md_0.md":"7f30b448","docs_md_3-2.md":"909519f5","changelog.md":"6644208d","docs_about_team.md":"4d465a3f","docs_md_1-2.md":"fcb25f66","docs_md_4-3.md":"8805a6c7","docs_md_1-1.md":"2166aa72","docs_md_6.md":"2d1c375f","docs_md_ac-3-3.md":"78bde145","readme.md":"6c6303dc","docs_md_6-1.md":"10a32501","docs_md_8.md":"5d2eb259","docs_md_7-2.md":"d3b8eef0","docs_md_ex-0-1.md":"8535c440","docs_md_ex-0-2.md":"f89aba66","docs_md_2-3.md":"e7527f4c","docs_md_2-4.md":"e06410cd","index.md":"d84e0480","docs_md_5-6.md":"97d9b3fe","docs_md_7.md":"136b5b87","docs_md_eg-1.md":"463197ad","docs_md_7-3.md":"be1e3e1a","docs_md_ex-2-2.md":"967f308d","docs_md_5-7.md":"6ebcc589","docs_md_7-4.md":"b175921e","docs_md_5-3.md":"c9bbbf67","docs_readme.md":"9d6764e9","docs_md_tr-1.md":"44404d86","docs_md_end-8-2.md":"20098e33","docs_md_5-5.md":"93916738","docs_md_ex-1-2.md":"751ff1dc","docs_md_8-1.md":"20e4fec6","docs_md_3-3.md":"f3df412d","docs_md_tr-2.md":"00928023","docs_md_5-4.md":"4e643403","docs_md_5-1.md":"439b7d14","docs_md_5-2.md":"48cf792b","docs_md_4-1.md":"030f4ac3","docs_md_2-1.md":"8adc1db4","docs_md_7-1.md":"c4b5897b","docs_md_2-2.md":"670825e9","docs_md_7-5.md":"fe7732c1","docs_md_4-2.md":"8810981d","docs_md_end-8-1.md":"98b54e3e","docs_md_ac-1-3.md":"d23afc83","docs_md_ac-1-2.md":"b0ed50e3","docs_md_ac-3-2.md":"5e271453","docs_md_ac-2.md":"ff531448","docs_md_6-2.md":"3c555f29","docs_md_ex-2-1.md":"a0f6e7a2","docs_md_ex-1-1.md":"d2a0ca33","docs_md_6-3.md":"dd717a16","docs_md_ac-3-1.md":"14722feb","docs_md_ac-1-1.md":"00c20e28"}
